"departamento","time","dec_pbc","dec_cc","dec_mar","t_iqf","t_iqnf","inc_sol","inc_usd","inc_act","int_tra","int_mic","int_con","det_tra","det_mic","det_con","dec_pbc100","dec_cc100","dec_mar100","t_iqf100","t_iqnf100","inc_sol100","inc_usd100","inc_act100","int_tra100","int_mic100","int_con100","det_tra100","det_mic100","det_con100","pob"
"amazonas","2012","13.71","29.99","3.85","0.00","0.00","0.00","0.00","1.00","21.00","12.00","20.00","30.00","19.00","24.00","3.27","7.15","0.92","0.00","0.00","0.00","0.00","0.24","5.01","2.86","4.77","7.15","4.53","5.72","419467.20"
"amazonas","2013","74.95","0.00","50.42","0.00","0.00","0.00","290680.00","1.00","20.00","11.00","10.00","17.00","22.00","12.00","17.82","0.00","11.99","0.00","0.00","0.00","69124.19","0.24","4.76","2.62","2.38","4.04","5.23","2.85","420518.50"
"amazonas","2014","8.64","3.61","29.81","0.00","0.00","0.00","526000.00","0.00","20.00","25.00","45.00","19.00","21.00","47.00","2.05","0.86","7.07","0.00","0.00","0.00","124770.97","0.00","4.74","5.93","10.67","4.51","4.98","11.15","421572.43"
"amazonas","2015","13.70","22.73","11.55","444.00","400.00","200.00","0.00","0.00","27.00","32.00","36.00","34.00","30.00","31.00","3.24","5.38","2.73","105.06","94.65","47.32","0.00","0.00","6.39","7.57","8.52","8.04","7.10","7.34","422629.00"
"amazonas","2016","29.45","0.00","2.63","0.00","158.00","71100.00","0.00","5.00","33.00","20.00","11.00","45.00","23.00","7.00","6.95","0.00","0.62","0.00","37.27","16772.90","0.00","1.18","7.78","4.72","2.59","10.62","5.43","1.65","423898.00"
"amazonas","2017","30.14","0.00","2.78","0.00","0.00","0.00","0.00","308.00","12.00","17.00","13.00","12.00","17.00","13.00","7.09","0.00","0.65","0.00","0.00","0.00","0.00","72.48","2.82","4.00","3.06","2.82","4.00","3.06","424952.00"
"amazonas","2018","22.71","0.00","20.89","0.00","0.00","0.00","0.00","7.00","39.00","36.00","44.00","57.00","42.00","43.00","5.33","0.00","4.91","0.00","0.00","0.00","0.00","1.64","9.16","8.45","10.33","13.39","9.86","10.10","425829.00"
"amazonas","2019","26.19","0.16","7.27","880.00","302.00","130.00","0.00","4.00","28.00","25.00","31.00","35.00","26.00","33.00","6.13","0.04","1.70","206.07","70.72","30.44","0.00","0.94","6.56","5.85","7.26","8.20","6.09","7.73","427041.00"
"amazonas","2020","68.36","0.02","2.94","0.00","0.00","0.00","0.00","1.00","20.00","24.00","40.00","27.00","29.00","35.00","16.02","0.01","0.69","0.00","0.00","0.00","0.00","0.23","4.69","5.62","9.37","6.33","6.79","8.20","426806.00"
"amazonas","2021","244.56","27.99","26.03","0.00","0.00","0.00","0.00","1.00","40.00","24.00","12.00","40.00","24.00","12.00","57.07","6.53","6.07","0.00","0.00","0.00","0.00","0.23","9.33","5.60","2.80","9.33","5.60","2.80","428512.00"
"amazonas","2022","2032.74","409.76","1.74","46674.00","255.00","569587.00","210.00","25.00","72.00","26.00","13.00","68.00","23.00","8.00","473.30","95.41","0.41","10867.48","59.37","132621.55","48.90","5.82","16.76","6.05","3.03","15.83","5.36","1.86","429483.00"
"ancash","2012","53.93","50.34","447.41","2370.03","0.00","0.00","0.00","1.00","43.00","42.00","130.00","51.00","63.00","139.00","4.77","4.45","39.54","209.46","0.00","0.00","0.00","0.09","3.80","3.71","11.49","4.51","5.57","12.28","1131490.49"
"ancash","2013","0.54","0.07","219.52","59000.00","0.00","0.00","0.00","0.00","45.00","23.00","93.00","48.00","27.00","113.00","0.05","0.01","19.30","5188.29","0.00","0.00","0.00","0.00","3.96","2.02","8.18","4.22","2.37","9.94","1137176.38"
"ancash","2014","32.86","0.12","294.90","59000.00","0.00","3433.50","0.00","0.00","78.00","73.00","139.00","67.00","79.00","140.00","2.88","0.01","25.80","5162.35","0.00","300.42","0.00","0.00","6.82","6.39","12.16","5.86","6.91","12.25","1142890.83"
"ancash","2015","36.95","22.14","186.31","707695.00","0.00","150.00","0.00","4.00","115.00","130.00","238.00","131.00","160.00","279.00","3.22","1.93","16.22","61611.88","0.00","13.06","0.00","0.35","10.01","11.32","20.72","11.40","13.93","24.29","1148634.00"
"ancash","2016","21.41","6.00","398.81","270569.00","0.00","0.00","0.00","6.00","186.00","182.00","264.00","254.00","239.00","301.00","1.85","0.52","34.54","23433.21","0.00","0.00","0.00","0.52","16.11","15.76","22.86","22.00","20.70","26.07","1154639.00"
"ancash","2017","14.99","0.09","447.56","937.30","0.00","0.00","0.00","0.00","100.00","147.00","220.00","100.00","147.00","220.00","1.29","0.01","38.57","80.77","0.00","0.00","0.00","0.00","8.62","12.67","18.96","8.62","12.67","18.96","1160490.00"
"ancash","2018","442.94","1.16","276.26","37316.87","0.00","14676.30","0.00","3.00","137.00","167.00","232.00","154.00","195.00","246.00","37.98","0.10","23.69","3199.92","0.00","1258.49","0.00","0.26","11.75","14.32","19.89","13.21","16.72","21.09","1166182.00"
"ancash","2019","220.03","32.05","265.41","15796736.00","0.00","122.50","880.00","4.00","132.00","114.00","197.00","144.00","127.00","213.00","18.78","2.74","22.65","1348125.04","0.00","10.45","75.10","0.34","11.27","9.73","16.81","12.29","10.84","18.18","1171756.00"
"ancash","2020","15.08","5.02","120.92","14049.91","0.00","0.00","0.00","13.00","72.00","93.00","125.00","94.00","125.00","132.00","1.28","0.42","10.24","1190.03","0.00","0.00","0.00","1.10","6.10","7.88","10.59","7.96","10.59","11.18","1180638.00"
"ancash","2021","10.51","0.15","520.96","18000000.00","0.00","0.00","0.00","1.00","81.00","197.00","204.00","81.00","197.00","204.00","0.88","0.01","43.84","1514653.01","0.00","0.00","0.00","0.08","6.82","16.58","17.17","6.82","16.58","17.17","1188391.00"
"ancash","2022","26.91","14.19","736.67","29000000.00","0.00","0.00","0.00","0.00","98.00","209.00","197.00","98.00","143.00","156.00","2.25","1.19","61.69","2428493.43","0.00","0.00","0.00","0.00","8.21","17.50","16.50","8.21","11.97","13.06","1194156.00"
"apurimac","2012","566.37","8.51","0.07","405.50","0.00","350.00","0.00","30.00","45.00","2.00","0.00","69.00","3.00","0.00","124.93","1.88","0.01","89.45","0.00","77.20","0.00","6.62","9.93","0.44","0.00","15.22","0.66","0.00","453346.03"
"apurimac","2013","225.57","0.00","0.02","0.00","0.00","0.00","0.00","6.00","20.00","1.00","4.00","38.00","1.00","7.00","49.56","0.00","0.00","0.00","0.00","0.00","0.00","1.32","4.39","0.22","0.88","8.35","0.22","1.54","455166.70"
"apurimac","2014","201.83","260.32","0.23","0.00","0.00","1800.00","0.00","38.00","23.00","0.00","2.00","20.00","0.00","2.00","44.16","56.96","0.05","0.00","0.00","393.88","0.00","8.32","5.03","0.00","0.44","4.38","0.00","0.44","456994.68"
"apurimac","2015","103.86","2.03","0.20","1368.00","0.00","0.00","0.00","1.00","11.00","3.00","9.00","15.00","5.00","16.00","22.64","0.44","0.04","298.15","0.00","0.00","0.00","0.22","2.40","0.65","1.96","3.27","1.09","3.49","458830.00"
"apurimac","2016","639.70","163.00","11.03","0.00","0.00","0.00","0.00","3.00","41.00","6.00","8.00","57.00","5.00","13.00","138.80","35.37","2.39","0.00","0.00","0.00","0.00","0.65","8.90","1.30","1.74","12.37","1.08","2.82","460868.00"
"apurimac","2017","452.92","651.01","4.47","0.00","0.00","0.00","0.00","14.00","53.00","5.00","9.00","53.00","5.00","9.00","97.87","140.67","0.97","0.00","0.00","0.00","0.00","3.03","11.45","1.08","1.94","11.45","1.08","1.94","462791.00"
"apurimac","2018","343.74","603.64","40.47","0.00","0.00","0.00","0.00","8.00","31.00","17.00","5.00","53.00","16.00","5.00","73.99","129.93","8.71","0.00","0.00","0.00","0.00","1.72","6.67","3.66","1.08","11.41","3.44","1.08","464584.00"
"apurimac","2019","169.12","314.35","116.91","0.00","0.00","0.00","0.00","7.00","48.00","24.00","31.00","87.00","22.00","37.00","36.22","67.32","25.04","0.00","0.00","0.00","0.00","1.50","10.28","5.14","6.64","18.63","4.71","7.92","466936.00"
"apurimac","2020","18.88","139.52","101.15","0.00","0.00","0.00","0.00","2.00","25.00","45.00","31.00","32.00","47.00","35.00","4.38","32.39","23.48","0.00","0.00","0.00","0.00","0.46","5.80","10.45","7.20","7.43","10.91","8.13","430736.00"
"apurimac","2021","198.10","263.36","61.96","0.00","0.00","700.00","0.00","12.00","47.00","24.00","33.00","47.00","24.00","33.00","46.00","61.16","14.39","0.00","0.00","162.56","0.00","2.79","10.91","5.57","7.66","10.91","5.57","7.66","430609.00"
"apurimac","2022","16.39","190.19","123.24","0.00","0.00","0.00","0.00","4.00","33.00","17.00","15.00","27.00","13.00","12.00","3.81","44.26","28.68","0.00","0.00","0.00","0.00","0.93","7.68","3.96","3.49","6.28","3.03","2.79","429720.00"
"arequipa","2012","429.58","5.94","1.88","180.00","0.00","4000.00","0.00","2.00","28.00","7.00","0.00","29.00","13.00","0.00","34.49","0.48","0.15","14.45","0.00","321.14","0.00","0.16","2.25","0.56","0.00","2.33","1.04","0.00","1245570.53"
"arequipa","2013","297.00","115.17","13.94","0.00","5000.00","0.00","0.00","4.00","62.00","32.00","9.00","73.00","34.00","10.00","23.58","9.15","1.11","0.00","397.05","0.00","0.00","0.32","4.92","2.54","0.71","5.80","2.70","0.79","1259296.86"
"arequipa","2014","129.96","358.76","14.37","0.00","20850.00","428890.00","0.00","3.00","25.00","7.00","0.00","22.00","6.00","0.00","10.21","28.18","1.13","0.00","1637.64","33686.66","0.00","0.24","1.96","0.55","0.00","1.73","0.47","0.00","1273174.47"
"arequipa","2015","0.17","0.10","0.44","354.00","26.00","0.00","0.00","1.00","7.00","2.00","0.00","7.00","3.00","0.00","0.01","0.01","0.03","27.50","2.02","0.00","0.00","0.08","0.54","0.16","0.00","0.54","0.23","0.00","1287205.00"
"arequipa","2016","313.38","255.00","17.24","938208.00","0.00","840.00","19450.00","14.00","50.00","7.00","1.00","61.00","9.00","1.00","24.08","19.60","1.32","72097.86","0.00","64.55","1494.66","1.08","3.84","0.54","0.08","4.69","0.69","0.08","1301298.00"
"arequipa","2017","187.65","810.95","270.62","6382790.00","0.00","60190.00","0.00","131.00","86.00","10.00","0.00","86.00","10.00","0.00","14.26","61.64","20.57","485188.46","0.00","4575.35","0.00","9.96","6.54","0.76","0.00","6.54","0.76","0.00","1315528.00"
"arequipa","2018","65.08","259.31","304.12","5000.00","0.00","0.00","200000.00","9.00","40.00","0.00","0.00","61.00","0.00","0.00","4.89","19.50","22.87","376.00","0.00","0.00","15039.83","0.68","3.01","0.00","0.00","4.59","0.00","0.00","1329802.00"
"arequipa","2019","140.79","1340.10","658.05","7000.00","0.00","605.00","0.00","18.00","78.00","4.00","0.00","114.00","6.00","0.00","10.42","99.22","48.72","518.26","0.00","44.79","0.00","1.33","5.77","0.30","0.00","8.44","0.44","0.00","1350676.00"
"arequipa","2020","109.41","726.90","263.24","5038.20","0.00","4000.00","0.00","8.00","47.00","4.00","0.00","68.00","3.00","0.00","7.31","48.54","17.58","336.45","0.00","267.12","0.00","0.53","3.14","0.27","0.00","4.54","0.20","0.00","1497438.00"
"arequipa","2021","58.35","199.98","726.86","6121.97","14875.00","690.00","403.00","8.00","55.00","33.00","12.00","55.00","33.00","12.00","3.82","13.10","47.61","401.00","974.34","45.20","26.40","0.52","3.60","2.16","0.79","3.60","2.16","0.79","1526669.00"
"arequipa","2022","115.82","635.76","290.88","0.00","0.00","600.00","0.00","5.00","61.00","8.00","2.00","82.00","8.00","2.00","7.45","40.91","18.72","0.00","0.00","38.61","0.00","0.32","3.93","0.51","0.13","5.28","0.51","0.13","1553994.00"
"ayacucho","2012","2067.67","309.46","0.55","130099.10","406983.00","1700.00","116300.00","1602.00","251.00","2.00","2.00","199.00","3.00","1.00","310.28","46.44","0.08","19523.19","61073.48","255.11","17452.44","240.40","37.67","0.30","0.30","29.86","0.45","0.15","666382.48"
"ayacucho","2013","1514.31","700.93","0.05","110786.30","56512.00","236105.60","211150.00","641.00","212.00","2.00","5.00","170.00","2.00","5.00","224.77","104.04","0.01","16443.82","8387.98","35044.75","31340.63","95.14","31.47","0.30","0.74","25.23","0.30","0.74","673726.10"
"ayacucho","2014","2834.33","1427.82","13.29","110786.00","21999.00","58622.40","509376.00","418.00","271.00","4.00","0.00","161.00","3.00","0.00","416.11","209.62","1.95","16264.54","3229.68","8606.38","74781.70","61.37","39.79","0.59","0.00","23.64","0.44","0.00","681150.64"
"ayacucho","2015","2409.17","942.20","12.74","321120.00","333202.00","38110.00","17940.00","652.00","382.00","4.00","1.00","156.00","4.00","1.00","349.84","136.82","1.85","46629.89","48384.32","5533.96","2605.07","94.68","55.47","0.58","0.15","22.65","0.58","0.15","688657.00"
"ayacucho","2016","4627.84","4002.00","23.93","504793.00","22072.00","1255703.20","74381.00","132.00","572.00","2.00","1.00","257.00","4.00","0.00","664.77","574.87","3.44","72511.89","3170.57","180377.73","10684.59","18.96","82.17","0.29","0.14","36.92","0.57","0.00","696152.00"
"ayacucho","2017","4036.20","2470.85","198.51","172592.84","2337.00","256837.40","11950.00","16.00","437.00","1.00","1.00","437.00","1.00","1.00","573.63","351.16","28.21","24528.95","332.14","36501.82","1698.34","2.27","62.11","0.14","0.14","62.11","0.14","0.14","703629.00"
"ayacucho","2018","2378.82","3754.68","484.28","139934.23","355316.32","842473.00","97900.00","323.00","440.00","4.00","3.00","363.00","3.00","4.00","334.55","528.04","68.11","19679.72","49970.09","118481.61","13768.22","45.43","61.88","0.56","0.42","51.05","0.42","0.56","711058.00"
"ayacucho","2019","3502.56","1871.28","634.64","126926.32","515086.89","825453.00","195193.00","376.00","453.00","5.00","1.00","379.00","4.00","1.00","487.39","260.39","88.31","17662.16","71675.83","114864.17","27161.67","52.32","63.04","0.70","0.14","52.74","0.56","0.14","718634.00"
"ayacucho","2020","4842.29","2450.05","918.50","153238.60","241765.38","824886.60","21685.00","321.00","373.00","16.00","1.00","252.00","3.00","3.00","724.66","366.66","137.46","22932.60","36180.89","123446.66","3245.22","48.04","55.82","2.39","0.15","37.71","0.45","0.45","668213.00"
"ayacucho","2021","3331.87","2354.06","778.55","125726.82","805460.03","374731.30","302900.00","286.00","386.00","21.00","12.00","386.00","21.00","12.00","497.31","351.36","116.21","18765.79","120221.68","55931.80","45210.37","42.69","57.61","3.13","1.79","57.61","3.13","1.79","669979.00"
"ayacucho","2022","5029.83","3956.71","2044.48","149639.24","1106560.07","86153.00","800.00","347.00","498.00","27.00","23.00","241.00","19.00","16.00","750.07","590.04","304.88","22314.93","165015.62","12847.55","119.30","51.75","74.26","4.03","3.43","35.94","2.83","2.39","670579.00"
"cajamarca","2012","31.52","0.02","8.38","0.00","0.00","226.00","0.00","1.00","22.00","8.00","22.00","20.00","8.00","29.00","2.07","0.00","0.55","0.00","0.00","14.86","0.00","0.07","1.45","0.53","1.45","1.32","0.53","1.91","1520594.81"
"cajamarca","2013","37.58","0.54","15.90","367400.00","0.00","0.00","0.00","4.00","34.00","10.00","20.00","35.00","7.00","18.00","2.47","0.04","1.04","24113.27","0.00","0.00","0.00","0.26","2.23","0.66","1.31","2.30","0.46","1.18","1523642.10"
"cajamarca","2014","4.48","40.40","18.76","367400.00","0.00","0.00","0.00","0.00","15.00","10.00","18.00","19.00","10.00","22.00","0.29","2.65","1.23","24065.05","0.00","0.00","0.00","0.00","0.98","0.66","1.18","1.24","0.66","1.44","1526695.49"
"cajamarca","2015","119.55","31.94","6.39","689900.00","0.00","2298.50","1.00","6.00","34.00","3.00","6.00","51.00","5.00","8.00","7.81","2.09","0.42","45098.72","0.00","150.25","0.07","0.39","2.22","0.20","0.39","3.33","0.33","0.52","1529755.00"
"cajamarca","2016","108.20","0.00","41.19","630000.00","0.00","0.00","0.00","1.00","32.00","4.00","4.00","42.00","6.00","4.00","7.05","0.00","2.69","41074.91","0.00","0.00","0.00","0.07","2.09","0.26","0.26","2.74","0.39","0.26","1533783.00"
"cajamarca","2017","18.08","12.02","8.43","293900.00","0.00","0.00","0.00","23.00","34.00","10.00","16.00","34.00","10.00","16.00","1.18","0.78","0.55","19119.53","0.00","0.00","0.00","1.50","2.21","0.65","1.04","2.21","0.65","1.04","1537172.00"
"cajamarca","2018","97.10","0.06","62.86","0.00","0.00","1587.00","0.00","2.00","77.00","64.00","69.00","57.00","38.00","16.00","6.31","0.00","4.08","0.00","0.00","103.05","0.00","0.13","5.00","4.16","4.48","3.70","2.47","1.04","1540004.00"
"cajamarca","2019","37.15","22.10","31.75","11783300.00","0.00","0.00","0.00","0.00","36.00","36.00","8.00","45.00","37.00","8.00","2.41","1.43","2.06","763610.23","0.00","0.00","0.00","0.00","2.33","2.33","0.52","2.92","2.40","0.52","1543104.00"
"cajamarca","2020","36.33","0.15","19.41","0.00","0.00","0.00","0.00","0.00","36.00","24.00","7.00","44.00","26.00","9.00","2.50","0.01","1.34","0.00","0.00","0.00","0.00","0.00","2.48","1.65","0.48","3.03","1.79","0.62","1453711.00"
"cajamarca","2021","72.37","3.02","78.32","11000000.00","0.00","2945.60","0.00","2.00","46.00","59.00","11.00","46.00","59.00","11.00","4.97","0.21","5.38","755886.47","0.00","202.41","0.00","0.14","3.16","4.05","0.76","3.16","4.05","0.76","1455245.00"
"cajamarca","2022","79.46","11.42","46.05","0.00","0.00","4344.00","184.00","4.00","56.00","55.00","18.00","70.00","60.00","15.00","5.46","0.79","3.17","0.00","0.00","298.72","12.65","0.28","3.85","3.78","1.24","4.81","4.13","1.03","1454217.00"
"callao","2012","391.04","3717.56","269.76","10913.68","4107.13","200.00","94010.00","5.00","583.00","295.00","2155.00","456.00","337.00","2256.00","40.38","383.86","27.85","1126.90","424.08","20.65","9707.03","0.52","60.20","30.46","222.52","47.08","34.80","232.94","968473.06"
"callao","2013","89.34","1069.99","36.19","555233.28","2416.06","3650200.00","1714119.00","5.00","398.00","382.00","1562.00","295.00","419.00","1659.00","9.10","108.94","3.68","56528.16","245.98","371625.95","174514.03","0.51","40.52","38.89","159.03","30.03","42.66","168.90","982224.20"
"callao","2014","301.12","938.22","80.12","555233.00","0.00","596669.00","162037.00","5.00","388.00","429.00","1767.00","313.00","511.00","1831.00","30.23","94.18","8.04","55736.74","0.00","59896.27","16265.99","0.50","38.95","43.06","177.38","31.42","51.30","183.80","996170.59"
"callao","2015","573.30","1822.26","46.56","0.00","0.00","0.00","58300.00","12.00","449.00","505.00","1838.00","348.00","606.00","1923.00","56.75","180.37","4.61","0.00","0.00","0.00","5770.48","1.19","44.44","49.98","181.92","34.44","59.98","190.34","1010315.00"
"callao","2016","200.06","3288.00","111.10","534360.00","0.00","1550.00","80900.00","9.00","850.00","616.00","1570.00","870.00","782.00","1731.00","19.53","320.96","10.84","52161.23","0.00","151.30","7897.01","0.88","82.97","60.13","153.25","84.92","76.33","168.97","1024439.00"
"callao","2017","1378.56","4360.46","52.08","7037.55","0.00","15368.00","238960.00","106.00","414.00","715.00","1875.00","414.00","715.00","1875.00","132.72","419.80","5.01","677.53","0.00","1479.53","23005.55","10.21","39.86","68.84","180.51","39.86","68.84","180.51","1038706.00"
"callao","2018","107.73","4878.33","909.49","83252.14","47.00","223491.00","10080.00","23.00","350.00","359.00","696.00","381.00","893.00","1531.00","10.23","463.27","86.37","7905.97","4.46","21223.63","957.24","2.18","33.24","34.09","66.10","36.18","84.80","145.39","1053029.00"
"callao","2019","357.49","3804.21","70.54","20.00","0.00","0.00","90920.00","12.00","407.00","427.00","552.00","387.00","477.00","583.00","33.48","356.26","6.61","1.87","0.00","0.00","8514.58","1.12","38.12","39.99","51.69","36.24","44.67","54.60","1067815.00"
"callao","2020","520.17","3048.23","206.61","0.00","0.00","950.00","10000.00","19.00","330.00","477.00","430.00","362.00","665.00","641.00","46.04","269.79","18.29","0.00","0.00","84.08","885.07","1.68","29.21","42.22","38.06","32.04","58.86","56.73","1129854.00"
"callao","2021","583.19","4254.25","417.29","27800.00","0.00","5047.50","46920.00","11.00","426.00","823.00","623.00","426.00","823.00","623.00","50.65","369.46","36.24","2414.28","0.00","438.35","4074.76","0.96","37.00","71.47","54.10","37.00","71.47","54.10","1151480.00"
"callao","2022","1692.90","3287.42","121.84","0.00","0.00","10425.00","10425.00","14.00","517.00","1119.00","1170.00","362.00","727.00","474.00","144.49","280.58","10.40","0.00","0.00","889.77","889.77","1.19","44.13","95.51","99.86","30.90","62.05","40.46","1171648.00"
"cusco","2012","2469.08","62.85","0.55","13438.57","33261.00","0.00","0.00","169.00","225.00","0.00","2.00","246.00","0.00","3.00","190.36","4.85","0.04","1036.07","2564.30","0.00","0.00","13.03","17.35","0.00","0.15","18.97","0.00","0.23","1297076.66"
"cusco","2013","776.47","135.41","1.69","84063.25","0.00","520.00","6390.00","14.00","82.00","17.00","5.00","76.00","12.00","5.00","59.56","10.39","0.13","6448.57","0.00","39.89","490.18","1.07","6.29","1.30","0.38","5.83","0.92","0.38","1303594.63"
"cusco","2014","1555.70","441.87","26.73","84063.00","2143.00","11650.00","40200.00","121.00","122.00","4.00","2.00","105.00","4.00","2.00","118.74","33.73","2.04","6416.31","163.57","889.21","3068.36","9.24","9.31","0.31","0.15","8.01","0.31","0.15","1310145.35"
"cusco","2015","1757.52","521.91","21.73","224253.00","1497.00","58535.00","0.00","153.00","241.00","18.00","18.00","122.00","17.00","15.00","133.48","39.64","1.65","17031.07","113.69","4445.49","0.00","11.62","18.30","1.37","1.37","9.27","1.29","1.14","1316729.00"
"cusco","2016","1573.89","701.00","35.33","96769.00","11374.00","7722.00","0.00","25.00","221.00","18.00","11.00","168.00","16.00","10.00","118.84","52.93","2.67","7306.79","858.82","583.07","0.00","1.89","16.69","1.36","0.83","12.69","1.21","0.76","1324371.00"
"cusco","2017","1356.58","1531.26","30.78","53088.64","0.00","170.00","0.00","2.00","179.00","116.00","248.00","179.00","116.00","248.00","101.86","114.98","2.31","3986.36","0.00","12.77","0.00","0.15","13.44","8.71","18.62","13.44","8.71","18.62","1331758.00"
"cusco","2018","2310.24","872.85","50.36","92587.40","248604.50","16863.55","51110.00","152.00","221.00","26.00","31.00","262.00","103.00","168.00","172.55","65.19","3.76","6915.19","18567.84","1259.51","3817.32","11.35","16.51","1.94","2.32","19.57","7.69","12.55","1338898.00"
"cusco","2019","2311.05","1866.53","21.55","39400.88","303121.60","185120.00","24000.00","172.00","260.00","50.00","21.00","207.00","49.00","24.00","171.65","138.63","1.60","2926.45","22513.94","13749.53","1782.57","12.78","19.31","3.71","1.56","15.37","3.64","1.78","1346373.00"
"cusco","2020","4032.17","2246.36","57.99","57108.90","32648.00","1269549.00","0.00","133.00","140.00","43.00","14.00","132.00","50.00","14.00","297.12","165.53","4.27","4208.23","2405.76","93550.39","0.00","9.80","10.32","3.17","1.03","9.73","3.68","1.03","1357075.00"
"cusco","2021","5151.98","2174.65","60.75","81125.83","233720.26","426112.00","70000.00","158.00","204.00","38.00","9.00","204.00","38.00","9.00","376.08","158.74","4.43","5921.89","17060.72","31104.61","5109.74","11.53","14.89","2.77","0.66","14.89","2.77","0.66","1369932.00"
"cusco","2022","1535.12","1859.47","91.47","24199.55","39879.00","188823.00","0.00","120.00","165.00","40.00","20.00","108.00","30.00","12.00","111.19","134.69","6.63","1752.84","2888.54","13676.94","0.00","8.69","11.95","2.90","1.45","7.82","2.17","0.87","1380594.00"
"huancavelica","2012","45.58","14.60","0.00","90000.00","0.00","2881.00","0.00","2.00","10.00","0.00","0.00","10.00","0.00","0.00","9.41","3.01","0.00","18570.43","0.00","594.46","0.00","0.41","2.06","0.00","0.00","2.06","0.00","0.00","484641.37"
"huancavelica","2013","0.00","0.00","0.01","1430.00","2000.00","1400.00","1000.00","4.00","3.00","0.00","1.00","0.00","0.00","1.00","0.00","0.00","0.00","293.00","409.79","286.85","204.89","0.82","0.61","0.00","0.20","0.00","0.00","0.20","488057.77"
"huancavelica","2014","15.02","5.98","0.00","1430.00","0.00","0.00","0.00","8.00","7.00","0.00","0.00","1.00","0.00","0.00","3.06","1.22","0.00","290.95","0.00","0.00","0.00","1.63","1.42","0.00","0.00","0.20","0.00","0.00","491498.26"
"huancavelica","2015","4.68","268.47","0.02","1122.00","0.00","0.00","0.00","3.00","5.00","1.00","0.00","2.00","3.00","0.00","0.95","54.24","0.00","226.68","0.00","0.00","0.00","0.61","1.01","0.20","0.00","0.40","0.61","0.00","494963.00"
"huancavelica","2016","40.97","32.00","0.04","65419.00","0.00","72950.00","0.00","8.00","12.00","1.00","0.00","6.00","1.00","0.00","8.22","6.42","0.01","13121.70","0.00","14632.26","0.00","1.60","2.41","0.20","0.00","1.20","0.20","0.00","498556.00"
"huancavelica","2017","23.71","22.01","32.04","80831.63","0.00","0.00","0.00","26.00","31.00","4.00","2.00","31.00","4.00","2.00","4.72","4.38","6.38","16099.22","0.00","0.00","0.00","5.18","6.17","0.80","0.40","6.17","0.80","0.40","502084.00"
"huancavelica","2018","1.05","79.81","31.36","40345.35","36116.00","0.00","0.00","26.00","15.00","0.00","1.00","18.00","3.00","2.00","0.21","15.79","6.20","7981.31","7144.64","0.00","0.00","5.14","2.97","0.00","0.20","3.56","0.59","0.40","505498.00"
"huancavelica","2019","24.11","180.58","66.26","4014.89","0.00","9300.00","0.00","3.00","14.00","0.00","0.00","14.00","0.00","0.00","4.74","35.47","13.02","788.60","0.00","1826.69","0.00","0.59","2.75","0.00","0.00","2.75","0.00","0.00","509117.00"
"huancavelica","2020","4.03","35.12","8.69","0.00","0.00","0.00","0.00","13.00","6.00","8.00","1.00","8.00","8.00","1.00","1.10","9.61","2.38","0.00","0.00","0.00","0.00","3.56","1.64","2.19","0.27","2.19","2.19","0.27","365317.00"
"huancavelica","2021","0.05","84.31","8.15","0.00","0.00","0.00","0.00","3.00","11.00","6.00","1.00","11.00","6.00","1.00","0.01","23.53","2.27","0.00","0.00","0.00","0.00","0.84","3.07","1.67","0.28","3.07","1.67","0.28","358356.00"
"huancavelica","2022","91.14","21.16","4.05","13101.29","33150.00","1100.00","0.00","5.00","12.00","12.00","7.00","15.00","6.00","6.00","25.98","6.03","1.15","3734.21","9448.62","313.53","0.00","1.43","3.42","3.42","2.00","4.28","1.71","1.71","350845.00"
"huanuco","2012","1482.82","830.98","811.61","262742.17","48340.18","7986.60","16530.00","825.00","556.00","25.00","42.00","132.00","26.00","66.00","175.98","98.62","96.32","31182.61","5737.08","947.86","1961.80","97.91","65.99","2.97","4.98","15.67","3.09","7.83","842591.93"
"huanuco","2013","1451.13","1104.20","414.15","0.00","0.00","72710.90","19870.00","855.00","692.00","33.00","24.00","184.00","13.00","20.00","171.02","130.13","48.81","0.00","0.00","8569.03","2341.69","100.76","81.55","3.89","2.83","21.68","1.53","2.36","848531.65"
"huanuco","2014","880.42","888.52","1534.33","0.00","18996.00","3632.50","0.00","383.00","634.00","52.00","39.00","194.00","31.00","45.00","103.03","103.98","179.56","0.00","2223.02","425.10","0.00","44.82","74.19","6.09","4.56","22.70","3.63","5.27","854513.24"
"huanuco","2015","500.52","301.54","1786.81","201423.00","8914.00","139717.70","2.00","404.00","774.00","37.00","62.00","138.00","25.00","48.00","58.16","35.04","207.64","23406.66","1035.86","16236.11","0.23","46.95","89.94","4.30","7.20","16.04","2.91","5.58","860537.00"
"huanuco","2016","414.27","159.00","2475.63","141418.00","19702.00","7947.00","7500.00","59.00","693.00","56.00","67.00","196.00","39.00","65.00","47.80","18.35","285.66","16318.13","2273.40","917.00","865.42","6.81","79.96","6.46","7.73","22.62","4.50","7.50","866631.00"
"huanuco","2017","723.31","271.17","5372.39","328680.47","0.00","150.00","0.00","121.00","662.00","39.00","34.00","662.00","39.00","34.00","82.90","31.08","615.73","37670.12","0.00","17.19","0.00","13.87","75.87","4.47","3.90","75.87","4.47","3.90","872523.00"
"huanuco","2018","528.53","225.89","7905.94","36213.49","1504.00","8370.00","782358.00","192.00","469.00","40.00","36.00","89.00","38.00","29.00","60.18","25.72","900.24","4123.61","171.26","953.09","89086.64","21.86","53.40","4.55","4.10","10.13","4.33","3.30","878199.00"
"huanuco","2019","1366.23","22.46","8143.41","66197.83","106574.30","6560.00","0.00","295.00","390.00","36.00","41.00","161.00","35.00","40.00","153.66","2.53","915.88","7445.20","11986.30","737.80","0.00","33.18","43.86","4.05","4.61","18.11","3.94","4.50","889134.00"
"huanuco","2020","1467.80","214.79","5519.47","17248593.43","132238.01","5770.00","0.00","273.00","329.00","29.00","26.00","179.00","36.00","22.00","193.06","28.25","725.99","2268754.72","17393.63","758.94","0.00","35.91","43.27","3.81","3.42","23.54","4.74","2.89","760267.00"
"huanuco","2021","3652.85","259.84","4215.73","136435.39","148753.29","81406.80","45900.00","251.00","312.00","15.00","13.00","312.00","15.00","13.00","481.64","34.26","555.86","17989.52","19613.68","10733.79","6052.09","33.10","41.14","1.98","1.71","41.14","1.98","1.71","758416.00"
"huanuco","2022","1273.40","842.60","2941.80","89235.04","406257.00","243995.00","2506.00","283.00","560.00","77.00","50.00","140.00","42.00","20.00","168.61","111.57","389.53","11815.88","53793.70","32308.10","331.83","37.47","74.15","10.20","6.62","18.54","5.56","2.65","755213.00"
"ica","2012","1068.55","276.14","4.25","3054.00","4800.00","52997.00","247.00","119.00","98.00","28.00","129.00","145.00","48.00","149.00","139.69","36.10","0.56","399.24","627.49","6928.18","32.29","15.56","12.81","3.66","16.86","18.96","6.27","19.48","764948.11"
"ica","2013","611.29","153.55","42.86","215908.69","71063.80","461.50","12400.00","0.00","121.00","73.00","193.00","125.00","95.00","250.00","79.15","19.88","5.55","27957.13","9201.76","59.76","1605.63","0.00","15.67","9.45","24.99","16.19","12.30","32.37","772284.81"
"ica","2014","274.65","164.27","175.64","215909.00","0.00","217063.00","0.00","2.00","70.00","66.00","156.00","99.00","105.00","181.00","35.23","21.07","22.53","27691.58","0.00","27839.59","0.00","0.26","8.98","8.46","20.01","12.70","13.47","23.21","779691.89"
"ica","2015","206.67","339.71","31.38","1650.00","25.00","0.00","0.00","0.00","55.00","99.00","174.00","76.00","142.00","200.00","26.25","43.16","3.99","209.61","3.18","0.00","0.00","0.00","6.99","12.58","22.10","9.65","18.04","25.41","787170.00"
"ica","2016","82.98","732.00","833.78","0.00","0.00","97000.50","0.00","9.00","122.00","51.00","144.00","173.00","60.00","164.00","10.44","92.08","104.89","0.00","0.00","12202.56","0.00","1.13","15.35","6.42","18.12","21.76","7.55","20.63","794919.00"
"ica","2017","431.47","280.40","433.41","21269.61","0.00","1540.00","200.00","131.00","192.00","68.00","155.00","192.00","68.00","155.00","53.76","34.94","54.00","2650.06","0.00","191.87","24.92","16.32","23.92","8.47","19.31","23.92","8.47","19.31","802610.00"
"ica","2018","174.24","604.36","824.96","45309.07","18.00","780.00","0.00","32.00","203.00","135.00","218.00","207.00","146.00","204.00","21.51","74.59","101.82","5592.24","2.22","96.27","0.00","3.95","25.06","16.66","26.91","25.55","18.02","25.18","810213.00"
"ica","2019","166.06","448.17","585.26","1784.16","48260.00","1820.00","0.00","12.00","188.00","104.00","128.00","183.00","131.00","143.00","20.30","54.79","71.55","218.12","5900.01","222.50","0.00","1.47","22.98","12.71","15.65","22.37","16.02","17.48","817965.00"
"ica","2020","50.62","260.91","252.24","6210.80","0.00","3967.60","0.00","15.00","112.00","130.00","159.00","184.00","227.00","199.00","5.19","26.76","25.87","636.89","0.00","406.86","0.00","1.54","11.49","13.33","16.30","18.87","23.28","20.41","975182.00"
"ica","2021","171.21","196.78","614.82","15640.00","0.00","178880.00","0.00","5.00","161.00","158.00","139.00","161.00","158.00","139.00","17.15","19.71","61.60","1566.91","0.00","17921.26","0.00","0.50","16.13","15.83","13.93","16.13","15.83","13.93","998144.00"
"ica","2022","128.29","422.43","433.52","5629.00","2400.00","360694.00","100.00","13.00","199.00","193.00","125.00","165.00","190.00","82.00","12.58","41.41","42.50","551.84","235.28","35360.42","9.80","1.27","19.51","18.92","12.25","16.18","18.63","8.04","1020050.00"
"junin","2012","3715.92","215.04","225.12","396435.00","450.00","8357.50","110.00","28.00","140.00","18.00","22.00","167.00","25.00","24.00","280.95","16.26","17.02","29973.58","34.02","631.89","8.32","2.12","10.59","1.36","1.66","12.63","1.89","1.81","1322614.66"
"junin","2013","1779.36","1418.17","1468.03","24000.00","2000.00","24413.90","8232.00","95.00","122.00","21.00","19.00","118.00","20.00","18.00","133.59","106.47","110.22","1801.89","150.16","1832.96","618.05","7.13","9.16","1.58","1.43","8.86","1.50","1.35","1331938.23"
"junin","2014","1509.34","1495.38","311.40","24000.00","70613.00","14644.30","300.00","149.00","198.00","33.00","21.00","84.00","35.00","20.00","112.53","111.49","23.22","1789.27","5264.41","1091.78","22.37","11.11","14.76","2.46","1.57","6.26","2.61","1.49","1341327.52"
"junin","2015","2521.19","300.62","130.10","218395.00","63.00","37432.00","100.00","184.00","261.00","35.00","15.00","96.00","39.00","12.00","186.65","22.26","9.63","16168.03","4.66","2771.13","7.40","13.62","19.32","2.59","1.11","7.11","2.89","0.89","1350783.00"
"junin","2016","1310.47","1330.00","237.94","276511.00","270.00","82890.90","0.00","45.00","199.00","23.00","17.00","127.00","36.00","16.00","96.32","97.76","17.49","20324.13","19.85","6092.65","0.00","3.31","14.63","1.69","1.25","9.33","2.65","1.18","1360506.00"
"junin","2017","1274.09","1678.64","70.20","52361.55","0.00","14410.30","342.00","5.00","127.00","46.00","31.00","127.00","46.00","31.00","92.98","122.50","5.12","3821.25","0.00","1051.64","24.96","0.36","9.27","3.36","2.26","9.27","3.36","2.26","1370274.00"
"junin","2018","2216.15","1110.36","66.31","66853.61","84373.00","15407.30","0.00","67.00","170.00","76.00","27.00","143.00","98.00","47.00","160.60","80.46","4.81","4844.69","6114.26","1116.52","0.00","4.86","12.32","5.51","1.96","10.36","7.10","3.41","1379937.00"
"junin","2019","1326.03","540.80","31.24","95852.00","516605.00","104870.00","1.00","171.00","161.00","30.00","7.00","149.00","32.00","9.00","95.41","38.91","2.25","6896.57","37169.84","7545.42","0.07","12.30","11.58","2.16","0.50","10.72","2.30","0.65","1389850.00"
"junin","2020","2457.67","3049.52","11.39","16656.77","81870.00","17530.00","200.00","67.00","114.00","29.00","12.00","106.00","34.00","13.00","180.52","223.99","0.84","1223.44","6013.37","1287.58","14.69","4.92","8.37","2.13","0.88","7.79","2.50","0.95","1361467.00"
"junin","2021","2421.18","1713.60","15.08","35977.48","242119.50","393934.20","1007.00","118.00","161.00","47.00","8.00","161.00","47.00","8.00","176.86","125.17","1.10","2628.01","17685.83","28775.26","73.56","8.62","11.76","3.43","0.58","11.76","3.43","0.58","1369003.00"
"junin","2022","4450.44","2919.08","46.08","2056.17","364813.10","10086.00","340.00","41.00","241.00","50.00","17.00","145.00","39.00","16.00","323.85","212.42","3.35","149.62","26546.90","733.94","24.74","2.98","17.54","3.64","1.24","10.55","2.84","1.16","1374221.00"
"la libertad","2012","260.62","44.56","193.88","0.00","0.00","0.00","0.00","2.00","83.00","91.00","208.00","131.00","127.00","247.00","14.53","2.48","10.81","0.00","0.00","0.00","0.00","0.11","4.63","5.07","11.60","7.30","7.08","13.77","1793493.11"
"la libertad","2013","53.04","50.12","175.50","110860.00","10693.40","0.00","0.00","5.00","86.00","102.00","303.00","96.00","142.00","335.00","2.92","2.76","9.67","6107.06","589.08","0.00","0.00","0.28","4.74","5.62","16.69","5.29","7.82","18.45","1815276.43"
"la libertad","2014","112.47","6756.08","682.67","110860.00","0.00","0.00","0.00","3.00","121.00","141.00","318.00","169.00","198.00","355.00","6.12","367.71","37.16","6033.77","0.00","0.00","0.00","0.16","6.59","7.67","17.31","9.20","10.78","19.32","1837324.32"
"la libertad","2015","269.21","0.16","1137.88","0.00","125.00","0.00","0.00","280.00","224.00","137.00","460.00","139.00","160.00","478.00","14.48","0.01","61.19","0.00","6.72","0.00","0.00","15.06","12.05","7.37","24.74","7.47","8.60","25.70","1859640.00"
"la libertad","2016","86.75","6.00","462.42","255.00","0.00","80.00","0.00","1.00","259.00","178.00","376.00","264.00","237.00","398.00","4.61","0.32","24.57","13.55","0.00","4.25","0.00","0.05","13.76","9.46","19.97","14.02","12.59","21.14","1882405.00"
"la libertad","2017","50.26","1.73","755.19","16248.00","0.00","3450.00","990.00","2.00","133.00","108.00","182.00","133.00","108.00","182.00","2.64","0.09","39.64","852.78","0.00","181.07","51.96","0.10","6.98","5.67","9.55","6.98","5.67","9.55","1905301.00"
"la libertad","2018","94.16","21.45","2399.96","10134.53","0.00","32462.70","0.00","33.00","178.00","109.00","138.00","187.00","67.00","109.00","4.88","1.11","124.47","525.60","0.00","1683.58","0.00","1.71","9.23","5.65","7.16","9.70","3.47","5.65","1928197.00"
"la libertad","2019","173.90","2759.27","1121.83","325.00","0.00","10099.40","21720.00","14.00","143.00","78.00","75.00","207.00","81.00","79.00","8.89","141.04","57.34","16.61","0.00","516.23","1110.21","0.72","7.31","3.99","3.83","10.58","4.14","4.04","1956389.00"
"la libertad","2020","87.77","0.54","7430.15","0.00","0.00","2150.00","0.00","11.00","168.00","106.00","42.00","194.00","105.00","43.00","8.63","0.05","730.76","0.00","0.00","211.45","0.00","1.08","16.52","10.43","4.13","19.08","10.33","4.23","1016771.00"
"la libertad","2021","145.31","6.75","6541.04","20000.00","0.00","21478.20","5.00","8.00","242.00","130.00","41.00","242.00","130.00","41.00","7.09","0.33","319.31","976.33","0.00","1048.49","0.24","0.39","11.81","6.35","2.00","11.81","6.35","2.00","2048492.00"
"la libertad","2022","99.10","14.64","1095.83","0.00","0.00","4650.00","0.00","5.00","154.00","171.00","78.00","163.00","139.00","55.00","4.77","0.70","52.75","0.00","0.00","223.84","0.00","0.24","7.41","8.23","3.75","7.85","6.69","2.65","2077345.00"
"lambayeque","2012","211.65","12.97","7.99","0.00","0.00","0.00","0.00","0.00","40.00","31.00","8.00","48.00","33.00","6.00","17.20","1.05","0.65","0.00","0.00","0.00","0.00","0.00","3.25","2.52","0.65","3.90","2.68","0.49","1230635.80"
"lambayeque","2013","74.29","84.14","54.19","600.00","0.00","6461.50","0.00","7.00","62.00","45.00","19.00","82.00","39.00","13.00","5.99","6.78","4.37","48.37","0.00","520.85","0.00","0.56","5.00","3.63","1.53","6.61","3.14","1.05","1240560.28"
"lambayeque","2014","29.79","1.13","62.33","600.00","0.00","1264.00","0.00","5.00","80.00","104.00","34.00","92.00","109.00","33.00","2.38","0.09","4.98","47.98","0.00","101.07","0.00","0.40","6.40","8.32","2.72","7.36","8.72","2.64","1250564.80"
"lambayeque","2015","26.65","0.39","465.83","0.00","0.00","1014.30","0.00","7.00","55.00","112.00","27.00","60.00","127.00","28.00","2.11","0.03","36.95","0.00","0.00","80.46","0.00","0.56","4.36","8.88","2.14","4.76","10.07","2.22","1260650.00"
"lambayeque","2016","70.50","12.00","169.74","0.00","0.00","1943.00","200.00","4.00","111.00","109.00","15.00","123.00","120.00","15.00","5.55","0.94","13.36","0.00","0.00","152.90","15.74","0.31","8.73","8.58","1.18","9.68","9.44","1.18","1270794.00"
"lambayeque","2017","29.85","1.88","146.86","0.00","0.00","0.00","0.00","53.00","60.00","100.00","33.00","60.00","100.00","33.00","2.33","0.15","11.47","0.00","0.00","0.00","0.00","4.14","4.68","7.81","2.58","4.68","7.81","2.58","1280788.00"
"lambayeque","2018","39.58","128.94","154.06","0.00","0.00","5075.00","300.00","3.00","77.00","75.00","3.00","73.00","79.00","35.00","3.07","9.99","11.94","0.00","0.00","393.22","23.24","0.23","5.97","5.81","0.23","5.66","6.12","2.71","1290617.00"
"lambayeque","2019","52.90","17.24","62.54","2500.00","0.00","35000.00","47940.00","9.00","86.00","72.00","8.00","112.00","80.00","4.00","4.07","1.33","4.81","192.20","0.00","2690.82","3685.65","0.69","6.61","5.54","0.62","8.61","6.15","0.31","1300720.00"
"lambayeque","2020","75.84","31.50","63.08","175.00","0.00","2264.00","0.00","4.00","64.00","79.00","4.00","83.00","97.00","4.00","5.79","2.40","4.81","13.35","0.00","172.72","0.00","0.31","4.88","6.03","0.31","6.33","7.40","0.31","1310785.00"
"lambayeque","2021","122.37","76.18","613.97","0.00","0.00","162.50","0.00","2.00","112.00","139.00","4.00","112.00","139.00","4.00","9.23","5.75","46.31","0.00","0.00","12.26","0.00","0.15","8.45","10.48","0.30","8.45","10.48","0.30","1325912.00"
"lambayeque","2022","82.32","278.42","213.63","0.00","0.00","5048.00","0.00","12.00","71.00","96.00","5.00","64.00","89.00","8.00","6.15","20.79","15.95","0.00","0.00","377.00","0.00","0.90","5.30","7.17","0.37","4.78","6.65","0.60","1338994.00"
"lima","2012","3334.88","3876.54","719.67","48015.17","150.70","3033.00","22950.00","55.00","1059.00","1436.00","5146.00","811.00","1571.00","5564.00","35.47","41.23","7.65","510.68","1.60","32.26","244.09","0.58","11.26","15.27","54.73","8.63","16.71","59.18","9402137.32"
"lima","2013","923.33","2561.74","882.65","0.00","0.00","795882.70","834146.00","51.00","848.00","1560.00","4425.00","713.00","1776.00","4787.00","9.67","26.84","9.25","0.00","0.00","8337.94","8738.80","0.53","8.88","16.34","46.36","7.47","18.61","50.15","9545317.08"
"lima","2014","1284.64","4183.00","555.91","0.00","4035.00","88229.30","485302.00","105.00","719.00","1771.00","4868.00","653.00","1970.00","5248.00","13.26","43.17","5.74","0.00","41.64","910.46","5007.93","1.08","7.42","18.28","50.23","6.74","20.33","54.16","9690677.23"
"lima","2015","434.09","3064.73","403.37","96653.00","114349.00","351169.50","928541.43","153.00","896.00","2087.00","6366.00","920.00","2519.00","6937.00","4.41","31.15","4.10","982.42","1162.29","3569.43","9438.07","1.56","9.11","21.21","64.71","9.35","25.60","70.51","9838251.00"
"lima","2016","822.46","1765.00","910.46","2879605.00","14195.00","412057.97","335360.00","98.00","1733.00","1586.00","3918.00","1925.00","1942.00","4333.00","8.23","17.67","9.11","28826.70","142.10","4124.96","3357.17","0.98","17.35","15.88","39.22","19.27","19.44","43.38","9989369.00"
"lima","2017","342.78","5604.61","3194.34","41068.46","0.00","89236.29","164678.00","43.00","725.00","2359.00","5062.00","725.00","2359.00","5062.00","3.38","55.26","31.49","404.89","0.00","879.78","1623.56","0.42","7.15","23.26","49.91","7.15","23.26","49.91","10143003.00"
"lima","2018","544.09","4530.80","2393.79","60525.66","2464.50","757130.60","128836.00","74.00","754.00","2444.00","4498.00","721.00","2367.00","4265.00","5.28","44.00","23.24","587.73","23.93","7352.10","1251.06","0.72","7.32","23.73","43.68","7.00","22.98","41.42","10298159.00"
"lima","2019","157.19","2675.54","2162.35","17769.59","11750.00","24785.40","38226.00","87.00","700.00","2332.00","2747.00","739.00","2758.00","2937.00","1.50","25.58","20.68","169.91","112.35","236.99","365.51","0.83","6.69","22.30","26.27","7.07","26.37","28.08","10458367.00"
"lima","2020","319.02","2944.78","3131.25","62025.46","7115.66","627948.98","110133.00","112.00","716.00","2363.00","2424.00","959.00","3099.00","2915.00","3.00","27.71","29.46","583.58","66.95","5908.18","1036.21","1.05","6.74","22.23","22.81","9.02","29.16","27.43","10628470.00"
"lima","2021","1223.83","1956.30","2288.43","79258.17","5570.89","127066.50","32192.00","100.00","1013.00","4425.00","1908.00","1013.00","4425.00","1908.00","11.32","18.09","21.16","732.89","51.51","1174.97","297.68","0.92","9.37","40.92","17.64","9.37","40.92","17.64","10814450.00"
"lima","2022","4638.45","2730.45","3967.86","14692.70","3687.09","110677.00","320124.00","103.00","1072.00","5463.00","2592.00","964.00","4581.00","1651.00","42.22","24.85","36.12","133.74","33.56","1007.44","2913.93","0.94","9.76","49.73","23.59","8.77","41.70","15.03","10986006.00"
"loreto","2012","514.51","396.69","5.25","15658.56","278615.50","17090.00","0.00","204.00","94.00","34.00","53.00","77.00","39.00","60.00","50.86","39.22","0.52","1547.96","27543.13","1689.47","0.00","20.17","9.29","3.36","5.24","7.61","3.86","5.93","1011560.77"
"loreto","2013","301.74","364.89","42.89","31728.99","176419.00","87840.00","1300.00","360.00","160.00","53.00","64.00","89.00","73.00","74.00","29.56","35.75","4.20","3108.41","17283.31","8605.46","127.36","35.27","15.67","5.19","6.27","8.72","7.15","7.25","1020747.49"
"loreto","2014","303.59","77.00","77.32","31729.00","248805.00","69134.90","120550.00","165.00","197.00","16.00","22.00","80.00","33.00","41.00","29.47","7.48","7.51","3080.43","24155.41","6712.01","11703.68","16.02","19.13","1.55","2.14","7.77","3.20","3.98","1030017.65"
"loreto","2015","401.28","119.09","29.00","115143.00","3418.00","547257.00","78037.00","50.00","404.00","95.00","31.00","129.00","158.00","32.00","38.61","11.46","2.79","11078.13","328.85","52652.66","7508.09","4.81","38.87","9.14","2.98","12.41","15.20","3.08","1039372.00"
"loreto","2016","397.64","125.00","57.09","65610.00","3088.00","101700.00","54300.00","30.00","166.00","26.00","20.00","123.00","34.00","22.00","37.89","11.91","5.44","6252.36","294.27","9691.58","5174.56","2.86","15.82","2.48","1.91","11.72","3.24","2.10","1049364.00"
"loreto","2017","684.73","66.02","339.44","85147.50","0.00","3540.00","13140.00","236.00","139.00","41.00","20.00","139.00","41.00","20.00","64.66","6.23","32.05","8040.78","0.00","334.29","1240.86","22.29","13.13","3.87","1.89","13.13","3.87","1.89","1058946.00"
"loreto","2018","1309.00","35.23","1616.46","54638.90","5283.00","103670.59","600.00","92.00","119.00","51.00","18.00","166.00","51.00","18.00","122.55","3.30","151.34","5115.37","494.60","9705.78","56.17","8.61","11.14","4.77","1.69","15.54","4.77","1.69","1068132.00"
"loreto","2019","1505.96","141.15","1131.02","34495.61","97474.50","14499.67","4310.00","93.00","338.00","41.00","11.00","105.00","50.00","12.00","139.72","13.10","104.93","3200.47","9043.58","1345.26","399.88","8.63","31.36","3.80","1.02","9.74","4.64","1.11","1077831.00"
"loreto","2020","759.88","4.31","936.33","61576.17","11245.00","1380.00","0.00","96.00","107.00","54.00","21.00","101.00","72.00","31.00","73.95","0.42","91.12","5992.47","1094.34","134.30","0.00","9.34","10.41","5.26","2.04","9.83","7.01","3.02","1027559.00"
"loreto","2021","1257.37","681.14","346.52","85112.51","41177.02","98253.59","27800.00","92.00","127.00","42.00","19.00","127.00","42.00","19.00","121.24","65.68","33.41","8207.14","3970.57","9474.29","2680.67","8.87","12.25","4.05","1.83","12.25","4.05","1.83","1037055.00"
"loreto","2022","1325.13","176.63","423.40","37179.30","191152.50","185913.00","2549.00","30.00","121.00","45.00","11.00","98.00","47.00","14.00","126.82","16.90","40.52","3558.22","18294.14","17792.69","243.95","2.87","11.58","4.31","1.05","9.38","4.50","1.34","1044884.00"
"madre de dios","2012","198.80","56.14","31.21","180.00","0.00","0.00","0.00","23.00","23.00","5.00","39.00","22.00","3.00","38.00","155.24","43.84","24.37","140.56","0.00","0.00","0.00","17.96","17.96","3.90","30.46","17.18","2.34","29.67","128057.45"
"madre de dios","2013","46.53","28.49","0.03","35.00","36.00","1980.00","236154.00","10.00","24.00","9.00","16.00","28.00","11.00","16.00","35.50","21.74","0.02","26.70","27.47","1510.62","180171.06","7.63","18.31","6.87","12.21","21.36","8.39","12.21","131072.10"
"madre de dios","2014","18.94","79.32","6.69","35.00","0.00","118765.00","0.00","20.00","21.00","5.00","15.00","18.00","6.00","15.00","14.12","59.13","4.99","26.09","0.00","88526.39","0.00","14.91","15.65","3.73","11.18","13.42","4.47","11.18","134157.73"
"madre de dios","2015","6.99","30.62","3.44","78392.00","85.00","1209808.00","0.00","19.00","49.00","14.00","86.00","19.00","16.00","77.00","5.09","22.30","2.50","57088.76","61.90","881039.35","0.00","13.84","35.68","10.20","62.63","13.84","11.65","56.08","137316.00"
"madre de dios","2016","16.77","61.00","1.57","167428.00","1.00","649660.00","20000.00","73.00","79.00","15.00","35.00","72.00","25.00","33.00","11.93","43.41","1.11","119159.05","0.71","462365.13","14234.06","51.95","56.22","10.68","24.91","51.24","17.79","23.49","140508.00"
"madre de dios","2017","142.14","6.52","3.88","33006.49","0.00","168154.00","20.00","30.00","50.00","15.00","17.00","50.00","15.00","17.00","98.92","4.54","2.70","22971.10","0.00","117027.98","13.92","20.88","34.80","10.44","11.83","34.80","10.44","11.83","143687.00"
"madre de dios","2018","317.84","0.71","1.45","10362.79","18.00","15864.00","196300.00","25.00","33.00","16.00","48.00","28.00","9.00","42.00","216.43","0.48","0.99","7056.43","12.26","10802.42","133668.36","17.02","22.47","10.90","32.69","19.07","6.13","28.60","146856.00"
"madre de dios","2019","98.62","241.36","120.68","2311.45","100.00","22720.00","0.00","17.00","47.00","27.00","36.00","65.00","32.00","37.00","65.67","160.71","80.36","1539.11","66.59","15128.41","0.00","11.32","31.30","17.98","23.97","43.28","21.31","24.64","150181.00"
"madre de dios","2020","38.55","152.78","89.21","247.00","170.00","0.00","0.00","5.00","21.00","11.00","2.00","29.00","20.00","1.00","22.18","87.90","51.33","142.11","97.81","0.00","0.00","2.88","12.08","6.33","1.15","16.68","11.51","0.58","173811.00"
"madre de dios","2021","112.54","42.93","46.32","3969.13","0.00","0.00","0.00","40.00","56.00","60.00","34.00","56.00","60.00","34.00","62.63","23.89","25.78","2208.90","0.00","0.00","0.00","22.26","31.17","33.39","18.92","31.17","33.39","18.92","179688.00"
"madre de dios","2022","152.76","70.46","529.13","13222.20","380.45","1600.00","0.00","91.00","86.00","50.00","36.00","58.00","21.00","22.00","82.36","37.99","285.28","7128.72","205.12","862.64","0.00","49.06","46.37","26.96","19.41","31.27","11.32","11.86","185478.00"
"moquegua","2012","65.52","165.19","0.43","0.00","0.00","1088.60","154.20","3.00","16.00","4.00","0.00","16.00","5.00","0.00","37.42","94.33","0.25","0.00","0.00","621.64","88.06","1.71","9.14","2.28","0.00","9.14","2.86","0.00","175116.65"
"moquegua","2013","165.92","60.05","0.16","0.00","0.00","0.00","0.00","7.00","29.00","9.00","6.00","32.00","9.00","6.00","93.80","33.95","0.09","0.00","0.00","0.00","0.00","3.96","16.39","5.09","3.39","18.09","5.09","3.39","176885.51"
"moquegua","2014","34.03","20.93","0.29","0.00","0.00","10.00","0.00","0.00","14.00","7.00","13.00","14.00","8.00","13.00","19.05","11.71","0.16","0.00","0.00","5.60","0.00","0.00","7.84","3.92","7.28","7.84","4.48","7.28","178672.23"
"moquegua","2015","12.58","3.81","2.81","680.00","0.00","0.00","0.00","0.00","13.00","10.00","34.00","14.00","10.00","31.00","6.97","2.11","1.56","376.78","0.00","0.00","0.00","0.00","7.20","5.54","18.84","7.76","5.54","17.18","180477.00"
"moquegua","2016","256.92","10.00","1.20","0.00","0.00","0.00","0.00","3.00","12.00","3.00","3.00","13.00","6.00","2.00","140.91","5.48","0.66","0.00","0.00","0.00","0.00","1.65","6.58","1.65","1.65","7.13","3.29","1.10","182333.00"
"moquegua","2017","74.41","300.58","0.35","0.00","0.00","0.00","0.00","50.00","14.00","1.00","1.00","14.00","1.00","1.00","40.40","163.19","0.19","0.00","0.00","0.00","0.00","27.15","7.60","0.54","0.54","7.60","0.54","0.54","184187.00"
"moquegua","2018","12.64","6.01","6.55","0.00","0.00","0.00","0.00","0.00","13.00","2.00","6.00","13.00","3.00","7.00","6.79","3.23","3.52","0.00","0.00","0.00","0.00","0.00","6.99","1.08","3.23","6.99","1.61","3.76","186036.00"
"moquegua","2019","162.15","3.80","69.98","0.00","0.00","0.00","0.00","0.00","28.00","5.00","0.00","29.00","5.00","0.00","86.27","2.02","37.23","0.00","0.00","0.00","0.00","0.00","14.90","2.66","0.00","15.43","2.66","0.00","187941.00"
"moquegua","2020","0.00","0.00","0.40","0.00","0.00","0.00","0.00","9.00","9.00","2.00","0.00","3.00","0.00","0.00","0.00","0.00","0.21","0.00","0.00","0.00","0.00","4.67","4.67","1.04","0.00","1.56","0.00","0.00","192740.00"
"moquegua","2021","1.79","717.91","17.19","0.00","0.00","31000.00","6218.00","1.00","20.00","18.00","3.00","20.00","18.00","3.00","0.92","367.81","8.81","0.00","0.00","15882.37","3185.70","0.51","10.25","9.22","1.54","10.25","9.22","1.54","195185.00"
"moquegua","2022","1.71","85.01","1.36","0.00","0.00","5775.00","0.00","4.00","16.00","36.00","5.00","15.00","27.00","3.00","0.87","43.08","0.69","0.00","0.00","2926.47","0.00","2.03","8.11","18.24","2.53","7.60","13.68","1.52","197337.00"
"pasco","2012","1351.97","8.18","17.17","42155.36","8981.50","15084.00","1600.00","128.00","41.00","1.00","0.00","8.00","1.00","0.00","453.96","2.75","5.77","14154.87","3015.80","5064.88","537.25","42.98","13.77","0.34","0.00","2.69","0.34","0.00","297815.29"
"pasco","2013","689.87","160.12","1.91","158077.00","63408.00","492.00","400.00","699.00","289.00","4.00","5.00","28.00","3.00","5.00","230.02","53.39","0.64","52707.32","21142.01","164.05","133.37","233.07","96.36","1.33","1.67","9.34","1.00","1.67","299914.69"
"pasco","2014","377.67","43.63","0.03","158077.00","13210.00","0.00","4420.00","336.00","212.00","2.00","1.00","10.00","2.00","1.00","125.04","14.45","0.01","52338.37","4373.75","0.00","1463.44","111.25","70.19","0.66","0.33","3.31","0.66","0.33","302028.89"
"pasco","2015","751.95","0.00","123.22","688078.00","3012.00","9700.00","7500.00","191.00","225.00","0.00","2.00","11.00","0.00","1.00","247.22","0.00","40.51","226223.87","990.27","3189.13","2465.82","62.80","73.97","0.00","0.66","3.62","0.00","0.33","304158.00"
"pasco","2016","948.32","23.00","25.91","48354.00","3265.00","79000.00","15340.00","15.00","207.00","3.00","1.00","20.00","3.00","1.00","309.58","7.51","8.46","15785.35","1065.87","25789.86","5007.80","4.90","67.58","0.98","0.33","6.53","0.98","0.33","306322.00"
"pasco","2017","616.43","187.55","4.95","60707.95","0.00","0.00","120100.00","18.00","66.00","1.00","5.00","66.00","1.00","5.00","199.84","60.80","1.60","19680.66","0.00","0.00","38934.73","5.84","21.40","0.32","1.62","21.40","0.32","1.62","308465.00"
"pasco","2018","519.56","0.00","1.55","7145812.25","13305.00","0.00","0.00","180.00","377.00","5.00","14.00","30.00","4.00","16.00","167.29","0.00","0.50","2300810.83","4283.95","0.00","0.00","57.96","121.39","1.61","4.51","9.66","1.29","5.15","310578.00"
"pasco","2019","911.88","12.15","27.58","22054.60","2720.00","3210.00","0.00","180.00","120.00","7.00","4.00","38.00","8.00","2.00","291.54","3.88","8.82","7051.22","869.63","1026.29","0.00","57.55","38.37","2.24","1.28","12.15","2.56","0.64","312777.00"
"pasco","2020","253.06","0.00","4.81","17493.51","75.00","0.00","0.00","65.00","81.00","55.00","30.00","29.00","13.00","1.00","93.07","0.00","1.77","6433.71","27.58","0.00","0.00","23.91","29.79","20.23","11.03","10.67","4.78","0.37","271904.00"
"pasco","2021","192.15","231.73","1.47","1784.03","150.00","1130.00","205.00","29.00","28.00","7.00","4.00","28.00","7.00","4.00","70.95","85.56","0.54","658.70","55.38","417.22","75.69","10.71","10.34","2.58","1.48","10.34","2.58","1.48","270842.00"
"pasco","2022","432.64","379.36","2.12","28446.64","1036.50","2600.00","0.00","57.00","50.00","9.00","4.00","30.00","13.00","3.00","160.66","140.87","0.79","10563.34","384.89","965.48","0.00","21.17","18.57","3.34","1.49","11.14","4.83","1.11","269296.00"
"piura","2012","74.02","1704.78","140.37","3460.35","0.00","0.00","4260.00","18.00","89.00","70.00","268.00","86.00","78.00","285.00","4.11","94.70","7.80","192.22","0.00","0.00","236.64","1.00","4.94","3.89","14.89","4.78","4.33","15.83","1800223.03"
"piura","2013","186.62","4431.77","142.27","862.25","0.00","0.00","0.00","18.00","81.00","100.00","170.00","101.00","104.00","190.00","10.28","244.21","7.84","47.51","0.00","0.00","0.00","0.99","4.46","5.51","9.37","5.57","5.73","10.47","1814740.96"
"piura","2014","95.24","227.01","30.35","862.00","0.00","0.00","12520.00","15.00","123.00","206.00","270.00","146.00","227.00","264.00","5.21","12.41","1.66","47.12","0.00","0.00","684.39","0.82","6.72","11.26","14.76","7.98","12.41","14.43","1829375.97"
"piura","2015","829.52","229.62","130.12","0.00","0.00","0.00","6000.00","16.00","137.00","193.00","211.00","157.00","220.00","208.00","44.98","12.45","7.06","0.00","0.00","0.00","325.36","0.87","7.43","10.47","11.44","8.51","11.93","11.28","1844129.00"
"piura","2016","47.47","505.00","1003.59","0.00","0.00","0.00","0.00","11.00","166.00","205.00","201.00","176.00","222.00","197.00","2.55","27.17","54.00","0.00","0.00","0.00","0.00","0.59","8.93","11.03","10.81","9.47","11.94","10.60","1858620.00"
"piura","2017","262.55","1952.98","1825.64","1480.00","0.00","2294.00","3924.00","7.00","225.00","276.00","285.00","225.00","276.00","285.00","14.02","104.27","97.47","79.02","0.00","122.48","209.50","0.37","12.01","14.74","15.22","12.01","14.74","15.22","1873024.00"
"piura","2018","433.24","907.17","507.42","1.59","0.00","6970.00","0.00","9.00","109.00","146.00","246.00","168.00","153.00","243.00","22.96","48.07","26.89","0.08","0.00","369.33","0.00","0.48","5.78","7.74","13.04","8.90","8.11","12.88","1887210.00"
"piura","2019","752.51","6842.03","1561.10","0.00","0.00","7200.00","30625.00","21.00","129.00","153.00","108.00","178.00","165.00","112.00","39.57","359.75","82.08","0.00","0.00","378.57","1610.24","1.10","6.78","8.04","5.68","9.36","8.68","5.89","1901896.00"
"piura","2020","572.39","1323.92","323.29","2792.00","0.00","7730.00","4445.00","21.00","151.00","186.00","185.00","168.00","165.00","89.00","27.95","64.65","15.79","136.33","0.00","377.45","217.05","1.03","7.37","9.08","9.03","8.20","8.06","4.35","2047954.00"
"piura","2021","3194.94","707.43","1014.45","0.00","0.00","15254.50","1260.00","14.00","224.00","281.00","166.00","224.00","281.00","166.00","153.82","34.06","48.84","0.00","0.00","734.43","60.66","0.67","10.78","13.53","7.99","10.78","13.53","7.99","2077039.00"
"piura","2022","130.35","2543.11","281.26","1805.00","0.00","20.00","0.00","27.00","142.00","274.00","131.00","160.00","258.00","86.00","6.20","120.92","13.37","85.83","0.00","0.95","0.00","1.28","6.75","13.03","6.23","7.61","12.27","4.09","2103099.00"
"puno","2012","535.06","48.87","0.15","3188.73","32.00","0.00","31000.00","28.00","93.00","2.00","4.00","102.00","3.00","4.00","38.90","3.55","0.01","231.80","2.33","0.00","2253.49","2.04","6.76","0.15","0.29","7.41","0.22","0.29","1375645.23"
"puno","2013","395.49","52.46","1.98","740.00","192.00","1120.00","283040.00","38.00","81.00","5.00","1.00","88.00","6.00","2.00","28.48","3.78","0.14","53.28","13.82","80.64","20379.61","2.74","5.83","0.36","0.07","6.34","0.43","0.14","1388839.21"
"puno","2014","228.60","141.13","0.36","740.00","307.00","159.39","35.00","59.00","66.00","1.00","1.00","52.00","0.00","1.00","16.30","10.07","0.03","52.78","21.89","11.37","2.50","4.21","4.71","0.07","0.07","3.71","0.00","0.07","1402159.72"
"puno","2015","207.16","46.56","30.08","174674.00","0.00","268788.00","0.00","58.00","194.00","4.00","5.00","67.00","4.00","6.00","14.63","3.29","2.12","12339.15","0.00","18987.46","0.00","4.10","13.70","0.28","0.35","4.73","0.28","0.42","1415608.00"
"puno","2016","788.49","321.00","7.90","91630.00","225.00","132261.00","3350.00","29.00","268.00","4.00","0.00","111.00","4.00","0.00","55.17","22.46","0.55","6411.74","15.74","9254.86","234.41","2.03","18.75","0.28","0.00","7.77","0.28","0.00","1429098.00"
"puno","2017","1553.45","713.81","168.09","74683.50","0.00","2535.00","2480.00","457.00","78.00","5.00","5.00","78.00","5.00","5.00","107.66","49.47","11.65","5175.82","0.00","175.68","171.87","31.67","5.41","0.35","0.35","5.41","0.35","0.35","1442930.00"
"puno","2018","781.56","941.07","198.47","3845.25","504.00","27552.60","0.00","25.00","79.00","8.00","11.00","112.00","11.00","5.00","53.64","64.59","13.62","263.92","34.59","1891.06","0.00","1.72","5.42","0.55","0.75","7.69","0.75","0.34","1456989.00"
"puno","2019","792.82","893.09","780.03","15250.20","180.00","33520.00","78145.00","125.00","249.00","10.00","1.00","158.00","6.00","0.00","53.88","60.70","53.01","1036.44","12.23","2278.09","5310.91","8.50","16.92","0.68","0.07","10.74","0.41","0.00","1471405.00"
"puno","2020","2113.91","537.41","2010.76","23054.19","10132.00","145714.62","66370.00","75.00","95.00","13.00","62.00","103.00","9.00","3.00","170.75","43.41","162.42","1862.22","818.42","11770.19","5361.08","6.06","7.67","1.05","5.01","8.32","0.73","0.24","1237997.00"
"puno","2021","683.87","991.54","2679.65","41494.24","456.58","150.00","980.00","125.00","161.00","22.00","4.00","161.00","22.00","4.00","55.45","80.40","217.28","3364.55","37.02","12.16","79.46","10.14","13.05","1.78","0.32","13.05","1.78","0.32","1233277.00"
"puno","2022","480.42","614.95","714.43","61328.69","1150.50","1841.00","900.00","343.00","235.00","25.00","4.00","76.00","19.00","3.00","39.17","50.14","58.26","5000.90","93.81","150.12","73.39","27.97","19.16","2.04","0.33","6.20","1.55","0.24","1226353.00"
"san martin","2012","150.00","30.77","7.47","33357.70","24479.00","1184.00","5610.00","181.00","110.00","21.00","47.00","77.00","25.00","55.00","18.55","3.81","0.92","4126.26","3027.99","146.46","693.94","22.39","13.61","2.60","5.81","9.52","3.09","6.80","808423.62"
"san martin","2013","560.37","132.36","55.50","38815.48","25269.00","26340.00","0.00","275.00","169.00","12.00","46.00","113.00","12.00","52.00","68.41","16.16","6.78","4738.96","3085.08","3215.84","0.00","33.57","20.63","1.47","5.62","13.80","1.47","6.35","819071.55"
"san martin","2014","473.68","464.07","71.51","38815.00","6910.00","48770.00","0.00","213.00","394.00","32.00","37.00","89.00","39.00","32.00","57.08","55.92","8.62","4677.30","832.67","5876.90","0.00","25.67","47.48","3.86","4.46","10.72","4.70","3.86","829859.73"
"san martin","2015","260.11","189.60","37.84","54241.00","3220.00","2310.00","0.00","165.00","242.00","30.00","76.00","62.00","32.00","81.00","30.94","22.55","4.50","6451.19","382.97","274.74","0.00","19.62","28.78","3.57","9.04","7.37","3.81","9.63","840790.00"
"san martin","2016","357.03","41.00","22.35","42045.00","5183.00","9968.00","0.00","27.00","159.00","31.00","80.00","130.00","44.00","87.00","41.91","4.81","2.62","4935.54","608.42","1170.11","0.00","3.17","18.66","3.64","9.39","15.26","5.17","10.21","851883.00"
"san martin","2017","656.98","87.86","12.33","31400.96","40.00","16007.70","4270.00","17.00","153.00","32.00","104.00","153.00","32.00","104.00","76.14","10.18","1.43","3639.33","4.64","1855.27","494.89","1.97","17.73","3.71","12.05","17.73","3.71","12.05","862822.00"
"san martin","2018","318.49","57.83","23.78","12468.29","420.15","12649.50","0.00","56.00","399.00","51.00","79.00","74.00","65.00","78.00","36.46","6.62","2.72","1427.24","48.09","1447.99","0.00","6.41","45.67","5.84","9.04","8.47","7.44","8.93","873593.00"
"san martin","2019","941.46","32.02","157.67","19964.87","1227.00","53171.50","33200.00","67.00","116.00","29.00","70.00","105.00","25.00","55.00","106.40","3.62","17.82","2256.44","138.68","6009.47","3752.28","7.57","13.11","3.28","7.91","11.87","2.83","6.22","884795.00"
"san martin","2020","976.34","10.82","130.55","9979.60","1920.80","9310.00","0.00","68.00","168.00","52.00","32.00","113.00","52.00","56.00","108.52","1.20","14.51","1109.28","213.51","1034.85","0.00","7.56","18.67","5.78","3.56","12.56","5.78","6.22","899648.00"
"san martin","2021","1283.78","154.51","383.49","22235.99","24014.00","3652.60","0.00","87.00","138.00","56.00","33.00","138.00","56.00","33.00","140.66","16.93","42.02","2436.36","2631.17","400.21","0.00","9.53","15.12","6.14","3.62","15.12","6.14","3.62","912674.00"
"san martin","2022","634.43","84.38","152.81","38135.00","5435.52","15075.00","0.00","120.00","224.00","55.00","39.00","66.00","41.00","29.00","68.63","9.13","16.53","4125.45","588.02","1630.82","0.00","12.98","24.23","5.95","4.22","7.14","4.44","3.14","924384.00"
"tacna","2012","74.38","52.62","51.60","0.00","0.00","100.00","0.00","7.00","61.00","29.00","32.00","61.00","26.00","32.00","22.56","15.96","15.65","0.00","0.00","30.33","0.00","2.12","18.50","8.80","9.71","18.50","7.89","9.71","329678.92"
"tacna","2013","12.11","96.36","119.93","0.00","0.00","0.00","0.00","0.00","42.00","21.00","106.00","55.00","24.00","105.00","3.63","28.88","35.94","0.00","0.00","0.00","0.00","0.00","12.59","6.29","31.77","16.48","7.19","31.47","333683.11"
"tacna","2014","157.95","61.95","15.52","0.00","0.00","999.00","131.00","0.00","45.00","43.00","127.00","58.00","47.00","121.00","46.77","18.34","4.60","0.00","0.00","295.79","38.79","0.00","13.32","12.73","37.60","17.17","13.92","35.83","337735.94"
"tacna","2015","3.39","64.50","244.33","0.00","0.00","0.00","0.00","9.00","48.00","41.00","79.00","48.00","41.00","71.00","0.99","18.87","71.47","0.00","0.00","0.00","0.00","2.63","14.04","11.99","23.11","14.04","11.99","20.77","341838.00"
"tacna","2016","9.64","93.00","211.78","0.00","0.00","950.00","38.00","3.00","55.00","23.00","28.00","59.00","35.00","37.00","2.79","26.88","61.21","0.00","0.00","274.56","10.98","0.87","15.90","6.65","8.09","17.05","10.12","10.69","346013.00"
"tacna","2017","6.50","151.10","151.62","0.00","0.00","890.00","0.00","15.00","57.00","24.00","53.00","57.00","24.00","53.00","1.86","43.16","43.31","0.00","0.00","254.21","0.00","4.28","16.28","6.86","15.14","16.28","6.86","15.14","350105.00"
"tacna","2018","29.09","192.88","527.05","0.00","0.00","11930.00","2326.00","8.00","66.00","41.00","29.00","82.00","43.00","27.00","8.21","54.46","148.82","0.00","0.00","3368.55","656.77","2.26","18.64","11.58","8.19","23.15","12.14","7.62","354158.00"
"tacna","2019","93.02","681.89","641.05","0.00","0.00","82690.00","40198.00","16.00","76.00","34.00","0.00","81.00","35.00","2.00","25.96","190.31","178.91","0.00","0.00","23077.52","11218.65","4.47","21.21","9.49","0.00","22.61","9.77","0.56","358314.00"
"tacna","2020","51.25","80.60","433.88","0.00","0.00","8620.00","520.00","6.00","49.00","29.00","26.00","56.00","38.00","7.00","13.82","21.73","116.96","0.00","0.00","2323.61","140.17","1.62","13.21","7.82","7.01","15.10","10.24","1.89","370974.00"
"tacna","2021","317.87","304.14","286.37","0.00","0.00","8732.68","2500.00","9.00","37.00","37.00","4.00","37.00","37.00","4.00","84.13","80.49","75.79","0.00","0.00","2311.20","661.65","2.38","9.79","9.79","1.06","9.79","9.79","1.06","377842.00"
"tacna","2022","101.17","483.32","203.54","0.00","0.00","4991.00","1050.00","10.00","63.00","53.00","12.00","64.00","50.00","7.00","26.33","125.79","52.97","0.00","0.00","1298.99","273.28","2.60","16.40","13.79","3.12","16.66","13.01","1.82","384222.00"
"tumbes","2012","60.13","725.95","2.17","283.04","3680.00","0.00","0.00","3.00","24.00","8.00","23.00","28.00","6.00","34.00","26.23","316.69","0.95","123.47","1605.37","0.00","0.00","1.31","10.47","3.49","10.03","12.21","2.62","14.83","229230.61"
"tumbes","2013","9.10","25.75","0.23","0.00","0.00","0.00","0.00","0.00","11.00","15.00","24.00","12.00","15.00","28.00","3.92","11.10","0.10","0.00","0.00","0.00","0.00","0.00","4.74","6.47","10.34","5.17","6.47","12.07","232014.79"
"tumbes","2014","32.06","26.03","14.77","0.00","0.00","0.00","200000.00","1.00","26.00","27.00","44.00","34.00","33.00","44.00","13.65","11.09","6.29","0.00","0.00","0.00","85166.99","0.43","11.07","11.50","18.74","14.48","14.05","18.74","234832.78"
"tumbes","2015","7.78","23.70","24.11","0.00","0.00","0.00","0.00","2.00","26.00","41.00","63.00","39.00","42.00","69.00","3.27","9.97","10.14","0.00","0.00","0.00","0.00","0.84","10.94","17.25","26.51","16.41","17.67","29.03","237685.00"
"tumbes","2016","21.21","29.00","545.43","0.00","0.00","0.00","0.00","0.00","72.00","33.00","88.00","113.00","41.00","93.00","8.82","12.05","226.70","0.00","0.00","0.00","0.00","0.00","29.93","13.72","36.58","46.97","17.04","38.65","240590.00"
"tumbes","2017","33.54","8.92","1391.21","0.00","0.00","0.00","0.00","2.00","74.00","31.00","101.00","74.00","31.00","101.00","13.78","3.66","571.66","0.00","0.00","0.00","0.00","0.82","30.41","12.74","41.50","30.41","12.74","41.50","243362.00"
"tumbes","2018","20.70","3.00","2790.96","0.00","0.00","0.00","0.00","4.00","62.00","34.00","90.00","91.00","43.00","96.00","8.59","1.25","1157.83","0.00","0.00","0.00","0.00","1.66","25.72","14.10","37.34","37.75","17.84","39.83","241050.00"
"tumbes","2019","14.23","270.12","1518.71","113417.00","0.00","0.00","900.00","2.00","54.00","45.00","60.00","91.00","52.00","62.00","5.72","108.54","610.22","45571.51","0.00","0.00","361.62","0.80","21.70","18.08","24.11","36.56","20.89","24.91","248877.00"
"tumbes","2020","6.87","4.17","189.17","0.00","0.00","0.00","0.00","0.00","64.00","92.00","72.00","99.00","125.00","77.00","2.73","1.66","75.21","0.00","0.00","0.00","0.00","0.00","25.45","36.58","28.63","39.36","49.70","30.61","251521.00"
"tumbes","2021","32.73","44.49","890.21","0.00","0.00","15545.00","0.00","7.00","67.00","83.00","45.00","67.00","83.00","45.00","12.80","17.40","348.13","0.00","0.00","6079.10","0.00","2.74","26.20","32.46","17.60","26.20","32.46","17.60","255712.00"
"tumbes","2022","124.07","127.95","592.60","0.00","0.00","0.00","0.00","0.00","130.00","179.00","64.00","140.00","141.00","37.00","47.80","49.30","228.31","0.00","0.00","0.00","0.00","0.00","50.09","68.96","24.66","53.94","54.32","14.26","259556.00"
"ucayali","2012","529.57","32.24","16.53","0.00","7985.20","0.00","0.00","412.00","278.00","19.00","74.00","99.00","34.00","91.00","110.48","6.73","3.45","0.00","1665.84","0.00","0.00","85.95","58.00","3.96","15.44","20.65","7.09","18.98","479348.99"
"ucayali","2013","565.37","586.00","21.21","50525.00","15350.00","142380.00","348900.00","351.00","138.00","28.00","21.00","80.00","47.00","28.00","116.65","120.90","4.38","10424.39","3167.03","29376.05","71985.57","72.42","28.47","5.78","4.33","16.51","9.70","5.78","484680.47"
"ucayali","2014","219.79","593.20","1.45","50525.00","9733.00","2197.50","61.00","500.00","579.00","28.00","44.00","104.00","35.00","49.00","44.85","121.04","0.30","10309.73","1986.04","448.40","12.45","102.03","118.15","5.71","8.98","21.22","7.14","10.00","490071.26"
"ucayali","2015","280.65","116.97","26.09","335454.00","12801.00","73864.00","0.00","401.00","388.00","51.00","87.00","125.00","82.00","107.00","56.64","23.61","5.26","67697.10","2583.34","14906.30","0.00","80.92","78.30","10.29","17.56","25.23","16.55","21.59","495522.00"
"ucayali","2016","849.62","300.00","121.36","161401.00","19362.00","0.00","180000.00","36.00","766.00","113.00","173.00","146.00","157.00","198.00","169.49","59.85","24.21","32198.48","3862.60","0.00","35908.86","7.18","152.81","22.54","34.51","29.13","31.32","39.50","501269.00"
"ucayali","2017","976.81","235.78","390.59","40385.14","0.00","890.00","6.00","12.00","629.00","84.00","109.00","629.00","84.00","109.00","192.71","46.51","77.06","7967.38","0.00","175.58","1.18","2.37","124.09","16.57","21.50","124.09","16.57","21.50","506881.00"
"ucayali","2018","1014.89","302.68","384.37","71994.67","9105.00","17080.00","20700.00","380.00","423.00","90.00","188.00","109.00","112.00","202.00","198.08","59.07","75.02","14051.14","1777.02","3333.49","4040.00","74.16","82.56","17.57","36.69","21.27","21.86","39.42","512376.00"
"ucayali","2019","851.38","37.21","198.92","36631.64","9101.04","8167.30","500.00","231.00","352.00","79.00","123.00","141.00","88.00","139.00","164.30","7.18","38.39","7069.15","1756.31","1576.12","96.49","44.58","67.93","15.25","23.74","27.21","16.98","26.82","518190.00"
"ucayali","2020","1402.97","720.07","175.08","47143.10","2136.00","260.00","0.00","254.00","270.00","46.00","59.00","138.00","63.00","73.00","238.15","122.23","29.72","8002.43","362.58","44.13","0.00","43.12","45.83","7.81","10.02","23.43","10.69","12.39","589110.00"
"ucayali","2021","1589.31","285.83","39.14","67392.30","150357.15","220957.00","19220.00","164.00","330.00","108.00","88.00","330.00","108.00","88.00","263.83","47.45","6.50","11187.30","24959.69","36679.45","3190.57","27.22","54.78","17.93","14.61","54.78","17.93","14.61","602400.00"
"ucayali","2022","2307.82","439.96","210.40","154268.34","97709.00","11310.00","1155.00","282.00","478.00","126.00","106.00","130.00","160.00","91.00","375.24","71.54","34.21","25083.30","15887.02","1838.95","187.80","45.85","77.72","20.49","17.24","21.14","26.02","14.80","615024.00"
